Source,Label,Target
efrbroo:F28_Expression_Creation,ecrm:P9_consists_of,ecrm:E7_Activity
efrbroo:F31_Performance,ecrm:P9_consists_of,mus:M42_Performed_Expression_Creation
mus:M42_Performed_Expression_Creation,ecrm:P9_consists_of,mus:M28_Individual_Performance
efrbroo:F30_Publication_Event,ecrm:P9_consists_of,ecrm:E7_Activity
efrbroo:F25_Performance_Plan,ecrm:P9_consists_of,mus:M42_Performed_Expression_Creation
efrbroo:F31_Performance,ecrm:P9_consists_of,mus:M28_Individual_Performance
mus:M29_Editing,ecrm:P9_consists_of,ecrm:E7_Activity
efrbroo:F29_Recording_Event,ecrm:P9_consists_of,ecrm:E7_Activity
efrbroo:F31_Performance,ecrm:P9_consists_of,efrbroo:F31_Performance
efrbroo:F28_Expression_Creation,ecrm:P9_consists_of,efrbroo:F28_Expression_Creation
mus:M42_Performed_Expression_Creation,ecrm:P9_consists_of,ecrm:E7_Activity
efrbroo:F32_Carrier_Production_Event,ecrm:P9_consists_of,ecrm:E7_Activity
mus:M25_Foreseen_Activity,ecrm:P9_consists_of,mus:M25_Foreseen_Activity
mus:M28_Individual_Performance,ecrm:P9_consists_of,mus:M28_Individual_Performance
ecrm:E7_Activity,ecrm:P14_carried_out_by,ecrm:E21_Person
mus:M28_Individual_Performance,ecrm:P14_carried_out_by,ecrm:E21_Person
mus:M28_Individual_Performance,ecrm:P14_carried_out_by,efrbroo:F11_Corporate_Body
ecrm:E7_Activity,ecrm:P14_carried_out_by,efrbroo:F11_Corporate_Body
ecrm:E7_Activity,ecrm:P14_carried_out_by,ecrm:E39_Actor
mus:M28_Individual_Performance,ecrm:P14_carried_out_by,ecrm:E39_Actor
efrbroo:F28_Expression_Creation,efrbroo:R17_created,efrbroo:F22_Self-Contained_Expression
mus:M42_Performed_Expression_Creation,efrbroo:R17_created,mus:M43_Performed_Expression
efrbroo:F28_Expression_Creation,efrbroo:R17_created,efrbroo:F25_Performance_Plan
mus:M29_Editing,efrbroo:R17_created,mus:M46_Set_of_Tracks
efrbroo:F28_Expression_Creation,efrbroo:R17_created,mus:M46_Set_of_Tracks
efrbroo:F28_Expression_Creation,efrbroo:R17_created,efrbroo:F25_PerformancePlan
mus:M43_Performed_Expression,mus:U227_has_content_type,skos:Concept
efrbroo:F22_Self-Contained_Expression,mus:U227_has_content_type,skos:Concept
mus:M24_Track,mus:U227_has_content_type,skos:Concept
mus:M46_Set_of_Tracks,mus:U227_has_content_type,skos:Concept
efrbroo:F24_Publication_Expression,mus:U227_has_content_type,skos:Concept
efrbroo:F28_Expression_Creation,efrbroo:R19_created_a_realisation_of,efrbroo:F14_Individual_Work
efrbroo:F30_Publication_Event,efrbroo:R19_created_a_realisation_of,efrbroo:F19_Publication_Work
mus:M42_Performed_Expression_Creation,efrbroo:R19_created_a_realisation_of,mus:M44_Performed_Work
efrbroo:F28_Expression_Creation,efrbroo:R19_created_a_realisation_of,efrbroo:F20_Performance_Work
efrbroo:F30_Publication_Event,efrbroo:R19_created_a_realisation_of,efrbroo:F19_Publication_Expression
ecrm:E7_Activity,mus:U31_had_function,skos:Concept
mus:M28_Individual_Performance,mus:U31_had_function,skos:Concept
mus:M28_Individual_Performance,mus:U31_had_function,mus:M31_Actor_Function
ecrm:E7_Activity,mus:U31_had_function,Literal_0029
ecrm:E67_Birth,ecrm:P4_has_time-span,ecrm:E52_Time-Span
ecrm:E69_Death,ecrm:P4_has_time-span,ecrm:E52_Time-Span
efrbroo:F28_Expression_Creation,ecrm:P4_has_time-span,ecrm:E52_Time-Span
efrbroo:F30_Publication_Event,ecrm:P4_has_time-span,ecrm:E52_Time-Span
mus:M42_Performed_Expression_Creation,ecrm:P4_has_time-span,ecrm:E52_Time-Span
efrbroo:F31_Performance,ecrm:P4_has_time-span,ecrm:E52_Time-Span
efrbroo:F29_Recording_Event,ecrm:P4_has_time-span,ecrm:E52_Time-Span
ecrm:E66_Formation,ecrm:P4_has_time-span,ecrm:E52_Time-Span
ecrm:E68_Dissolution,ecrm:P4_has_time-span,ecrm:E52_Time-Span
ecrm:E13_Attribute_Assignment,ecrm:P4_has_time-span,ecrm:E52_Time-Span
efrbroo:F32_Carrier_Production_Event,ecrm:P4_has_time-span,ecrm:E52_Time-Span
efrbroo:F24_Publication_Expression,ecrm:P4_has_time-span,Literal_0030
ecrm:E21_Person,ecrm:P3_has_note,Literal_0032
efrbroo:F22_Self-Contained_Expression,ecrm:P3_has_note,Literal_0033
efrbroo:F28_Expression_Creation,ecrm:P3_has_note,Literal_0034
mus:M1_Catalogue_Statement,ecrm:P3_has_note,Literal_0035
efrbroo:F31_Performance,ecrm:P3_has_note,Literal_0036
mus:M15_Dedication_Statement,ecrm:P3_has_note,Literal_0037
mus:M2_Opus_Statement,ecrm:P3_has_note,Literal_0038
mus:M6_Casting,ecrm:P3_has_note,Literal_0039
mus:M42_Performed_Expression_Creation,ecrm:P3_has_note,Literal_0040
efrbroo:F30_Publication_Event,ecrm:P3_has_note,Literal_0041
ecrm:E1_CRM_Entity,ecrm:P3_has_note,Literal_0042
mus:M33_Set_of_Characters,ecrm:P3_has_note,Literal_0043
mus:M23_Casting_Detail,ecrm:P3_has_note,Literal_0044
efrbroo:F4_Manifestation_Singleton,ecrm:P3_has_note,Literal_0045
efrbroo:F29_Recording_Event,ecrm:P3_has_note,Literal_0046
mus:M28_Individual_Performance,ecrm:P3_has_note,Literal_0047
mus:M43_Performed_Expression,ecrm:P3_has_note,Literal_0048
efrbroo:F38_Character,ecrm:P3_has_note,Literal_0049
efrbroo:F11_Corporate_Body,ecrm:P3_has_note,Literal_0050
efrbroo:F24_Publication_Expression,ecrm:P3_has_note,Literal_0051
mus:M154_Label_Name,ecrm:P3_has_note,Literal_0054
ecrm:E22_Man-Made_Object,ecrm:P3_has_note,Literal_0055
mus:M15_Dedication,ecrm:P3_has_note,Literal_0056
mus:M157_Statement_of_Responsibility,ecrm:P3_has_note,Literal_0057
ecrm:E39_Actor,ecrm:P3_has_note,Literal_0058
ecrm:E53_Place,ecrm:P3_has_note,Literal_0059
mus:M26_Foreseen_Performance,ecrm:P3_has_note,Literal_0060
mus:M171_Container,ecrm:P3_has_note,Literal_0061
mus:M36_Award,ecrm:P3_has_note,Literal_0062
efrbroo:F22_Self-Contained_Expression,ecrm:P102_has_title,Literal_0064
efrbroo:F31_Performance,ecrm:P102_has_title,Literal_0065
mus:M24_Track,ecrm:P102_has_title,Literal_0066
mus:M46_Set_of_Tracks,ecrm:P102_has_title,Literal_0067
efrbroo:F4_Manifestation_Singleton,ecrm:P102_has_title,Literal_0068
mus:M43_Performed_Expression,ecrm:P102_has_title,Literal_0069
mus:M25_Foreseen_Activity,ecrm:P102_has_title,Literal_0070
mus:M26_Foreseen_Performance,ecrm:P102_has_title,Literal_0071
mus:M44_Performed_Work,efrbroo:R9_is_realised_in,mus:M43_Performed_Expression
efrbroo:F14_Individual_Work,efrbroo:R9_is_realised_in,efrbroo:F22_Self-Contained_Expression
efrbroo:F20_Performance_Work,efrbroo:R9_is_realised_in,efrbroo:F25_Performance_Plan
efrbroo:F15_Complex_Work,efrbroo:R10_has_member,efrbroo:F14_Individual_Work
efrbroo:F15_Complex_Work,efrbroo:R10_has_member,mus:M44_Performed_Work
efrbroo:F15_Complex_Work,efrbroo:R13_is_realised_in,mus:M43_Performed_Expression
efrbroo:F21_Recording_Work,efrbroo:R13_is_realised_in,efrbroo:F26_Recording
efrbroo:F24_Publication_Expression,mus:U167_has_title_proper,Literal_0075
mus:M46_Set_of_Tracks,mus:U167_has_title_proper,Literal_0076
mus:M28_Individual_Performance,mus:U1_used_medium_of_performance,skos:Concept
mus:M28_Individual_Performance,mus:U1_used_medium_of_performance,mus:M14_Medium_Of_Performance
mus:M43_Performed_Expression,mus:U19_is_categorized_as,mus:M19_Categorization
efrbroo:F31_Performance,mus:U19_is_categorized_as,mus:M19_Categorization
efrbroo:F22_Self-Contained_Expression,mus:U19_is_categorized_as,mus:M19_Categorization
efrbroo:F31_Performance,efrbroo:R25_performed,efrbroo:F25_Performance_Plan
mus:M42_Performed_Expression_Creation,efrbroo:R25_performed,efrbroo:F25_Performance_Plan
efrbroo:F31_Performance,efrbroo:R25_performed,efrbroo:F25_PerformancePlan
mus:M42_Performed_Expression_Creation,efrbroo:R25_performed,efrbroo:F25_PerformancePlan
efrbroo:F24_Publication_Expression,mus:U170_has_title_statement,mus:M156_Title_Statement
mus:M167_Publication_Expression_Fragment,mus:U170_has_title_statement,mus:M156_Title_Statement
mus:M46_Set_of_Tracks,mus:U170_has_title_statement,mus:M156_Title_Statement
efrbroo:F24_Publication_Expression,ecrm:P165_incorporates,efrbroo:F22_Self-Contained_Expression
efrbroo:F25_Performance_Plan,ecrm:P165_incorporates,efrbroo:F22_Self-Contained_Expression
efrbroo:F24_Publication_Expression,ecrm:P165_incorporates,efrbroo:F24_Publication_Expression
efrbroo:F25_PerformancePlan,ecrm:P165_incorporates,efrbroo:F22_Self-Contained_Expression
mus:M24_Track,mus:U51_is_partial_or_full_recording_of,mus:M43_Performed_Expression
mus:M46_Set_of_Tracks,mus:U51_is_partial_or_full_recording_of,mus:M43_Performed_Expression
efrbroo:F22_Self-Contained_Expression,efrbroo:R5_has_component,efrbroo:F22_Self-Contained_Expression
mus:M46_Set_of_Tracks,efrbroo:R5_has_component,mus:M24_Track
mus:M46_Set_of_Tracks,efrbroo:R5_has_component,mus:M46_Set_of_Tracks
efrbroo:F24_Publication_Expression,efrbroo:R5_has_component,efrbroo:F24_Publication_Expression
efrbroo:F25_PerformancePlan,efrbroo:R5_has_component,efrbroo:F25_PerformancePlan
efrbroo:F25_Performance_Plan,efrbroo:R5_has_component,efrbroo:F25_Performance_Plan
efrbroo:F22_Self-Contained_Expression,mus:U10_has_order_number,Literal_0078
mus:M24_Track,mus:U10_has_order_number,Literal_0079
mus:M42_Performed_Expression_Creation,mus:U10_has_order_number,Literal_0080
mus:M46_Set_of_Tracks,mus:U10_has_order_number,Literal_0081
mus:M43_Performed_Expression,mus:U54_is_performed_expression_of,efrbroo:F22_Self-Contained_Expression
efrbroo:F31_Performance,efrbroo:R66_included_performed_version_of,efrbroo:F22_Self-Contained_Expression
efrbroo:F42_Representative_Expression_Assignment,ecrm:P141_assigned,efrbroo:F22_Self-Contained_Expression
mus:M45_Descriptive_Expression_Assignment,ecrm:P141_assigned,efrbroo:F22_Self-Contained_Expression
mus:M23_Casting_Detail,mus:U2_foresees_use_of_medium_of_performance,skos:Concept
mus:M23_Casting_Detail,mus:U2_foresees_use_of_medium_of_performance,mus:M14_Medium_Of_Performance
mus:M27_Foreseen_Individual_Performance,mus:U2_foresees_use_of_medium_of_performance,skos:Concept
mus:M6_Casting,mus:U23_has_casting_detail,mus:M23_Casting_Detail
efrbroo:F29_Recording_Event,efrbroo:R21_created,efrbroo:F26_Recording
efrbroo:F29_Recording_Event,efrbroo:R22_created_a_realisation_of,efrbroo:F21_Recording_Work
mus:M23_Casting_Detail,mus:U30_foresees_quantity_of_mop,Literal_0085
efrbroo:F24_Publication_Expression,mus:U55_incorporates_performed_expression,mus:M43_Performed_Expression
mus:M24_Track,mus:U53_has_duration,Literal_0087
mus:M46_Set_of_Tracks,mus:U53_has_duration,Literal_0088
mus:M43_Performed_Expression,mus:U53_has_duration,Literal_0089
efrbroo:F26_Recording,mus:U53_has_duration,Literal_0090
efrbroo:F22_Self-Contained_Expression,mus:U53_has_duration,Literal_0091
ecrm:E21_Person,ecrm:P131_is_identified_by,Literal_0095
efrbroo:F11_Corporate_Body,ecrm:P131_is_identified_by,Literal_0096
ecrm:E39_Actor,ecrm:P131_is_identified_by,Literal_0097
efrbroo:F24_Publication_Expression,mus:U58_has_full_published_recording,efrbroo:F22_Self-Contained_Expression
efrbroo:F29_Recording_Event,ecrm:P7_took_place_at,ecrm:E53_Place
efrbroo:F31_Performance,ecrm:P7_took_place_at,ecrm:E53_Place
mus:M42_Performed_Expression_Creation,ecrm:P7_took_place_at,ecrm:E53_Place
efrbroo:F30_Publication_Event,ecrm:P7_took_place_at,ecrm:E53_Place
ecrm:E42_Identifier,efrbroo:R8_consists_of,mus:M154_Label_Name
ecrm:E42_Identifier,efrbroo:R8_consists_of,Literal_0114
ecrm:E42_Identifier,efrbroo:R8_consists_of,ecrm:E21_Person
mus:M167_Publication_Expression_Fragment,mus:U172_has_statement_of_responsibility_relatingt_to_title,mus:M157_Statement_of_Responsibility
efrbroo:F24_Publication_Expression,mus:U172_has_statement_of_responsibility_relatingt_to_title,mus:M157_Statement_of_Responsibility
mus:M46_Set_of_Tracks,mus:U172_has_statement_of_responsibility_relatingt_to_title,mus:M157_Statement_of_Responsibility
efrbroo:F19_Publication_Work,efrbroo:R3_is_realised_in,efrbroo:F24_Publication_Expression
efrbroo:F15_Complex_Work,efrbroo:R3_is_realised_in,efrbroo:F22_Self-Contained_Expression
efrbroo:F22_Self-Contained_Expression,mus:U12_has_genre,skos:Concept
mus:M43_Performed_Expression,mus:U12_has_genre,skos:Concept
efrbroo:F22_Self-Contained_Expression,mus:U12_has_genre,mus:M5_Genre
mus:M43_Performed_Expression,mus:U12_has_genre,mus:M5_Genre
efrbroo:F22_Self-Contained_Expression,mus:U12_has_genre,Literal_0116
mus:M29_Editing,mus:U225_used_sound_spatialization_technique,skos:Concept
efrbroo:F29_Recording_Event,mus:U225_used_sound_spatialization_technique,skos:Concept
efrbroo:F30_Publication_Event,efrbroo:R24_created,efrbroo:F24_Publication_Expression
efrbroo:F20_Performance_Work,efrbroo:R12_is_realised_in,efrbroo:F25_Performance_Plan
efrbroo:F20_Performance_Work,efrbroo:R12_is_realised_in,efrbroo:F25_PerformancePlan
mus:M4_Key,ecrm:P1_is_identified_by,Literal_0117
mus:M14_Medium_Of_Performance,ecrm:P1_is_identified_by,Literal_0118
mus:M40_Context,ecrm:P1_is_identified_by,Literal_0119
mus:M31_Actor_Function,ecrm:P1_is_identified_by,Literal_0120
ecrm:E53_Place,ecrm:P1_is_identified_by,Literal_0122
mus:M50_Creation_or_Performance_Mode,ecrm:P1_is_identified_by,Literal_0123
efrbroo:F24_Publication_Expression,ecrm:P1_is_identified_by,ecrm:E42_Identifier
mus:M154_Label_Name,ecrm:P1_is_identified_by,Literal_0124
efrbroo:F4_Manifestation_Singleton,ecrm:P1_is_identified_by,ecrm:E42_Identifier
mus:M46_Set_of_Tracks,ecrm:P1_is_identified_by,ecrm:E42_Identifier
mus:M5_Genre,ecrm:P1_is_identified_by,Literal_0125
ecrm:E4_Period,ecrm:P1_is_identified_by,Literal_0127
mus:M169_Carrier_Type,ecrm:P1_is_identified_by,Literal_0128
efrbroo:F24_Publication_Expression,mus:U184_has_publication_statement,mus:M160_Publication_Statement
efrbroo:F24_Publication_Expression,mus:U185_has_distribution_statement,mus:M161_Distribution_Statement
efrbroo:F3_Manifestation_Product_Type,efrbroo:CLR6_should_carry,efrbroo:F24_Publication_Expression
efrbroo:F22_Self-Contained_Expression,mus:U13_has_casting,mus:M6_Casting
efrbroo:F24_Publication_Expression,mus:U13_has_casting,mus:M6_Casting
efrbroo:F24_Publication_Expression,mus:U220_has_title_and_statement_of_responsibility,mus:M158_Title_and_Statement_of_Responsibility
mus:M167_Publication_Expression_Fragment,mus:U220_has_title_and_statement_of_responsibility,mus:M158_Title_and_Statement_of_Responsibility
ecrm:E42_Identifier,ecrm:P2_has_type,skos:Concept
efrbroo:F31_Performance,ecrm:P2_has_type,Literal_0130
mus:M25_Foreseen_Activity,ecrm:P2_has_type,Literal_0131
efrbroo:F4_Manifestation_Singleton,ecrm:P2_has_type,Literal_0132
mus:M26_Foreseen_Performance,ecrm:P2_has_type,Literal_0133
efrbroo:F29_Recording_Event,efrbroo:R20_recorded,efrbroo:F31_Performance
efrbroo:F24_Publication_Expression,mus:U174_has_cast_statement,mus:M155_Cast_Statement
mus:M46_Set_of_Tracks,mus:U174_has_cast_statement,mus:M155_Cast_Statement
efrbroo:F14_Individual_Work,mus:U94_has_work_type,skos:Concept
efrbroo:F15_Complex_Work,mus:U94_has_work_type,skos:Concept
efrbroo:F22_Self-Contained_Expression,mus:U94_has_work_type,skos:Concept
efrbroo:F3_Manifestation_Product_Type,mus:CLU206_should_have_media_type,Literal_0135
efrbroo:F22_Self-Contained_Expression,mus:U71_has_uniform_title,Literal_0137
efrbroo:F31_Performance,mus:U205_has_cast_detail,Literal_0139
mus:M42_Performed_Expression_Creation,mus:U205_has_cast_detail,Literal_0140
efrbroo:F42_Representative_Expression_Assignment,ecrm:P140_assigned_attribute_to,efrbroo:F15_Complex_Work
mus:M45_Descriptive_Expression_Assignment,ecrm:P140_assigned_attribute_to,efrbroo:F15_Complex_Work
efrbroo:F4_Manifestation_Singleton,ecrm:P128_carries,efrbroo:F26_Recording
efrbroo:F4_Manifestation_Singleton,ecrm:P128_carries,mus:M43_Performed_Expression
efrbroo:F4_Manifestation_Singleton,ecrm:P128_carries,efrbroo:F22_Self-Contained_Expression
efrbroo:F4_Manifestation_Singleton,ecrm:P128_carries,mus:M46_Set_of_Tracks
mus:M156_Title_Statement,mus:U50_has_annotation,Literal_0141
efrbroo:F24_Publication_Expression,mus:U50_has_annotation,Literal_0143
mus:M155_Cast_Statement,mus:U50_has_annotation,Literal_0144
mus:M158_Title_and_Statement_of_Responsibility,mus:U50_has_annotation,Literal_0145
efrbroo:F15_Complex_Work,efrbroo:R40_has_representative_expression,efrbroo:F22_Self-Contained_Expression
ecrm:E54_Dimension,ecrm:P90_has_value,Literal_0146
ecrm:E54_Dimension,ecrm:P91_has_unit,Literal_0147
ecrm:E21_Person,ecrm:P98i_was_born,ecrm:E67_Birth
ecrm:E21_Person,ecrm:P98i_was_born,Literal_0148
ecrm:E39_Actor,ecrm:P98i_was_born,Literal_0149
efrbroo:F14_Individual_Work,efrbroo:R19i_was_realised_through,efrbroo:F28_Expression_Creation
mus:M44_Performed_Work,efrbroo:R19i_was_realised_through,mus:M42_Performed_Expression_Creation
efrbroo:F20_Performance_Work,efrbroo:R19i_was_realised_through,efrbroo:F28_Expression_Creation
efrbroo:F19_Publication_Expression,efrbroo:R19i_was_realised_through,efrbroo:F30_Publication_Event
efrbroo:F3_Manifestation_Product_Type,efrbroo:CLP43_should_have_dimension,ecrm:E54_Dimension
efrbroo:F22_Self-Contained_Expression,efrbroo:R17i_was_created_by,efrbroo:F28_Expression_Creation
mus:M43_Performed_Expression,efrbroo:R17i_was_created_by,mus:M42_Performed_Expression_Creation
efrbroo:F25_PerformancePlan,efrbroo:R17i_was_created_by,efrbroo:F28_Expression_Creation
efrbroo:F22_Self-Contained_Expression,mus:U68_has_variant_title,Literal_0153
efrbroo:F31_Performance,mus:U68_has_variant_title,Literal_0154
efrbroo:F24_Publication_Expression,mus:U68_has_variant_title,Literal_0155
mus:M46_Set_of_Tracks,mus:U68_has_variant_title,Literal_0156
efrbroo:F22_Self-Contained_Expression,mus:U67_has_subtitle,Literal_0160
mus:M46_Set_of_Tracks,mus:U67_has_subtitle,Literal_0161
mus:M43_Performed_Expression,mus:U67_has_subtitle,Literal_0162
efrbroo:F24_Publication_Expression,mus:U67_has_subtitle,Literal_0163
mus:M26_Foreseen_Performance,mus:U67_has_subtitle,Literal_0164
efrbroo:F3_Manifestation_Product_Type,mus:CLU207_should_have_carrier_type,Literal_0166
efrbroo:F3_Manifestation_Product_Type,mus:U208_has_extent_of_carrier,Literal_0167
efrbroo:F24_Publication_Expression,mus:U169_was_issued_under_label_name,mus:M154_Label_Name
efrbroo:F24_Publication_Expression,mus:U229_has_music_format,mus:M175_Music_Format
efrbroo:F24_Publication_Expression,mus:U229_has_music_format,skos:Concept
mus:M28_Individual_Performance,mus:U27_performed_character,efrbroo:F38_Character
efrbroo:F22_Self-Contained_Expression,efrbroo:R9i_realises,efrbroo:F14_Individual_Work
mus:M43_Performed_Expression,efrbroo:R9i_realises,mus:M44_Performed_Work
efrbroo:F14_Individual_Work,efrbroo:R10i_is_member_of,efrbroo:F15_Complex_Work
mus:M44_Performed_Work,efrbroo:R10i_is_member_of,efrbroo:F15_Complex_Work
mus:M42_Performed_Expression_Creation,mus:redomi-doriskey,Literal_0169
efrbroo:F24_Publication_Expression,mus:redomi-doriskey,Literal_0170
efrbroo:F14_Individual_Work,mus:redomi-doriskey,Literal_0172
efrbroo:F22_Self-Contained_Expression,efrbroo:R3i_realises,efrbroo:F15_Complex_Work
efrbroo:F24_Publication_Expression,efrbroo:R3i_realises,efrbroo:F19_Publication_Expression
efrbroo:F14_Individual_Work,ecrm:P148_has_component,efrbroo:F14_Individual_Work
mus:M158_Title_and_Statement_of_Responsibility,ecrm:P148_has_component,mus:M156_Title_Statement
mus:M158_Title_and_Statement_of_Responsibility,ecrm:P148_has_component,mus:M157_Statement_of_Responsibility
efrbroo:F24_Publication_Expression,ecrm:P148_has_component,mus:M167_Publication_Expression_Fragment
efrbroo:F3_Manifestation_Product_Type,mus:U212_has_technical_features,Literal_0174
efrbroo:F3_Manifestation_Product_Type,mus:CLU198_should_have_container,mus:M171_Container
mus:M43_Performed_Expression,mus:U168_has_parallel_title,Literal_0176
efrbroo:F24_Publication_Expression,mus:U168_has_parallel_title,Literal_0177
mus:M46_Set_of_Tracks,mus:U168_has_parallel_title,Literal_0178
ecrm:E21_Person,ecrm:P100i_died_in,ecrm:E69_Death
ecrm:E21_Person,ecrm:P100i_died_in,Literal_0179
ecrm:E39_Actor,ecrm:P100i_died_in,Literal_0180
efrbroo:F22_Self-Contained_Expression,mus:U70_has_original_title,Literal_0184
mus:M43_Performed_Expression,mus:U70_has_original_title,Literal_0185
efrbroo:F3_Manifestation_Product_Type,mus:CLU53_should_have_duration,Literal_0187
efrbroo:F24_Publication_Expression,mus:U179_has_parallel_statement_of_responsibility_relating_to_edition,mus:M157_Statement_of_Responsibility
efrbroo:F22_Self-Contained_Expression,mus:U5_had_premiere,efrbroo:F31_Performance
efrbroo:F14_Individual_Work,mus:U5_had_premiere,efrbroo:F31_Performance
efrbroo:F24_Publication_Expression,mus:U178_has_statement_of_responsibility_relating_to_edition,mus:M157_Statement_of_Responsibility
efrbroo:F22_Self-Contained_Expression,mus:U17_has_opus_statement,mus:M2_Opus_Statement
mus:M2_Opus_Statement,mus:U17_has_opus_statement,Literal_0188
skos:Concept,skos:prefLabel,Literal_0189
skos:ConceptScheme,skos:prefLabel,Literal_0191
skos:Collection,skos:prefLabel,Literal_0192
mus:M42_Performed_Expression_Creation,ecrm:P9i_forms_part_of,efrbroo:F31_Performance
mus:M28_Individual_Performance,ecrm:P9i_forms_part_of,mus:M42_Performed_Expression_Creation
efrbroo:F24_Publication_Expression,mus:U221_has_title_proper_of_series,Literal_0194
skos:Concept,skos:altLabel,Literal_0195
ecrm:E4_Period,skos:altLabel,Literal_0198
efrbroo:F28_Expression_Creation,ecrm:P10_falls_within,ecrm:E4_Period
mus:M43_Performed_Expression,ecrm:P72_has_language,Literal_0200
efrbroo:F22_Self-Contained_Expression,ecrm:P72_has_language,Literal_0201
efrbroo:F24_Publication_Expression,ecrm:P72_has_language,Literal_0202
mus:M29_Editing,mus:U192_used_noise_reduction_technique,skos:Concept
efrbroo:F29_Recording_Event,mus:U192_used_noise_reduction_technique,skos:Concept
ecrm:E52_Time-Span,ecrm:P79_beginning_is_qualified_by,Literal_0204
mus:M23_Casting_Detail,mus:U36_foresees_responsibility,skos:Concept
mus:M27_Foreseen_Individual_Performance,mus:U36_foresees_responsibility,Literal_0205
efrbroo:F22_Self-Contained_Expression,mus:U16_has_catalogue_statement,mus:M1_Catalogue_Statement
efrbroo:F3_Manifestation_Product_Type,mus:U213_has_recording_method,Literal_0207
mus:M29_Editing,mus:U218_used_object_of_type_for_mastering,skos:Concept
mus:M29_Editing,mus:U219_used_object_of_type_for_mixing,skos:Concept
mus:M44_Performed_Work,mus:U95_has_hierarchical_level,skos:Concept
mus:M44_Performed_Work,mus:U95_has_hierarchical_level,Literal_0208
mus:M1_Catalogue_Statement,mus:U41_has_catalogue_number,Literal_0209
mus:M2_Opus_Statement,mus:U42_has_opus_number,Literal_0210
efrbroo:F22_Self-Contained_Expression,ecrm:P165i_is_incorporated_in,efrbroo:F25_PerformancePlan
efrbroo:F22_Self-Contained_Expression,ecrm:P165i_is_incorporated_in,efrbroo:F24_Publication_Expression
efrbroo:F24_Publication_Expression,mus:U59_has_partial_published_recording,efrbroo:F22_Self-Contained_Expression
efrbroo:F3_Manifestation_Product_Type,mus:CLU217_should_have_playing_speed,skos:Concept
efrbroo:F3_Manifestation_Product_Type,mus:CLU217_should_have_playing_speed,Literal_0212
mus:M1_Catalogue_Statement,mus:U40_has_catalogue_name,modsrdf:ModsResource
mus:M1_Catalogue_Statement,mus:U40_has_catalogue_name,Literal_0213
mus:M39_Derivation_Type_Assignment,ecrm:P41_classified,efrbroo:F14_Individual_Work
mus:M39_Derivation_Type_Assignment,ecrm:P41_classified,efrbroo:F22_Self-Contained_Expression
mus:M29_Editing,efrbroo:R18_created,efrbroo:F4_Manifestation_Singleton
efrbroo:F29_Recording_Event,efrbroo:R18_created,efrbroo:F4_Manifestation_Singleton
efrbroo:F28_Expression_Creation,efrbroo:R18_created,efrbroo:F4_Manifestation_Singleton
efrbroo:F25_PerformancePlan,efrbroo:R12i_realises,efrbroo:F20_Performance_Work
efrbroo:F25_PerformancePlan,efrbroo:R25i_was_performed_by,efrbroo:F31_Performance
efrbroo:F25_PerformancePlan,efrbroo:R25i_was_performed_by,mus:M42_Performed_Expression_Creation
efrbroo:F22_Self-Contained_Expression,mus:U11_has_key,skos:Concept
efrbroo:F22_Self-Contained_Expression,mus:U11_has_key,mus:M4_Key
efrbroo:F22_Self-Contained_Expression,mus:U11_has_key,Literal_0218
efrbroo:F3_Manifestation_Product_Type,mus:CLU210_should_have_pagination,ecrm:E54_Dimension
efrbroo:F3_Manifestation_Product_Type,mus:CLU210_should_have_pagination,Literal_0219
mus:M23_Casting_Detail,mus:U87_has_medium_of_performance_section,mus:M23_Casting_Detail
efrbroo:F24_Publication_Expression,mus:U182_has_music_format_statement,Literal_0221
ecrm:E53_Place,ecrm:P89_falls_within,ecrm:E53_Place
mus:M27_Foreseen_Individual_Performance,mus:U6_foresees_actor,ecrm:E21_Person
mus:M27_Foreseen_Individual_Performance,mus:U6_foresees_actor,efrbroo:F11_Corporate_Body
mus:M26_Foreseen_Performance,ecrm:P69_has_association_with,mus:M27_Foreseen_Individual_Performance
efrbroo:F31_Performance,mus:U65_has_geographical_context,ecrm:E53_Place
mus:M42_Performed_Expression_Creation,mus:U65_has_geographical_context,ecrm:E53_Place
mus:M43_Performed_Expression,mus:U65_has_geographical_context,mus:M40_Context
efrbroo:F31_Performance,mus:U65_has_geographical_context,mus:M40_Context
mus:M46_Set_of_Tracks,mus:U65_has_geographical_context,ecrm:E53_Place
efrbroo:F22_Self-Contained_Expression,mus:U65_has_geographical_context,mus:M40_Context
efrbroo:F28_Expression_Creation,ecrm:P15_was_influenced_by,efrbroo:F15_Complex_Work
efrbroo:F28_Expression_Creation,ecrm:P15_was_influenced_by,ecrm:E1_CRM_Entity
efrbroo:F15_Complex_Work,mus:U38_has_descriptive_expression,efrbroo:F22_Self-Contained_Expression
mus:M19_Categorization,mus:U19i_caterorizes,efrbroo:F22_Self-Contained_Expression
efrbroo:F22_Self-Contained_Expression,mus:U19_is_caterorized_as,mus:M19_Categorization
ecrm:E52_Time-Span,ecrm:P80_end_is_qualified_by,Literal_0223
ecrm:E7_Activity,mus:U31_had_function_of_type,Literal_0224
mus:M28_Individual_Performance,mus:U31_had_function_of_type,Literal_0225
efrbroo:F24_Publication_Expression,efrbroo:R5i_is_component_of,efrbroo:F24_Publication_Expression
efrbroo:F25_PerformancePlan,efrbroo:R5i_is_component_of,efrbroo:F25_PerformancePlan
efrbroo:F14_Individual_Work,efrbroo:R2_is_derivative_of,efrbroo:F14_Individual_Work
efrbroo:F15_Complex_Work,efrbroo:R2_is_derivative_of,efrbroo:F15_Complex_Work
efrbroo:F22_Self-Contained_Expression,mus:U54i_has_performed_expression,mus:M43_Performed_Expression
efrbroo:F22_Self-Contained_Expression,efrbroo:R66i_had_a_performed_version_through,efrbroo:F31_Performance
efrbroo:F24_Publication_Expression,mus:U201_has_illustrative_content,Literal_0227
efrbroo:F24_Publication_Expression,mus:U171_has_parallel_title_statement,mus:M156_Title_Statement
mus:M46_Set_of_Tracks,mus:U171_has_parallel_title_statement,mus:M156_Title_Statement
efrbroo:F22_Self-Contained_Expression,mus:U44_has_dedication_statement,mus:M15_Dedication_Statement
efrbroo:F22_Self-Contained_Expression,mus:U44_has_dedication_statement,mus:M15_Dedication
skos:Concept,skos:broader,skos:Concept
skos:Concept,skos:exactMatch,skos:Concept
efrbroo:F31_Performance,mus:U89_occured_in_performance_conditions,skos:Concept
efrbroo:F31_Performance,mus:U89_occured_in_performance_conditions,Literal_0229
efrbroo:F14_Individual_Work,mus:U4_had_princeps_publication,efrbroo:F30_Publication_Event
efrbroo:F22_Self-Contained_Expression,mus:U4_had_princeps_publication,efrbroo:F30_Publication_Event
skos:Concept,skos:narrower,skos:Concept
efrbroo:F24_Publication_Expression,mus:U202_has_colour_details,Literal_0254
skos:Concept,skos:editorialNote,Literal_0255
efrbroo:F11_Corporate_Body,ecrm:P74_has_current_or_former_residence,ecrm:E53_Place
ecrm:E21_Person,ecrm:P74_has_current_or_former_residence,ecrm:E53_Place
ecrm:E39_Actor,ecrm:P74_has_current_or_former_residence,ecrm:E53_Place
efrbroo:F24_Publication_Expression,mus:U172_has_statement_of_responsibility_relating_to_title,mus:M157_Statement_of_Responsibility
mus:M157_Statement_of_Responsibility,mus:U172i_is_statement_of_responsibility_relating_to_title_of,efrbroo:F24_Publication_Expression
mus:M43_Performed_Expression,mus:U70_has_title,Literal_0257
efrbroo:F22_Self-Contained_Expression,mus:U78_estimated_duration,Literal_0259
efrbroo:F22_Self-Contained_Expression,mus:U33_has_set_of_characters,mus:M33_Set_of_Characters
efrbroo:F24_Publication_Expression,mus:U33_has_set_of_characters,mus:M33_Set_of_Characters
mus:M26_Foreseen_Performance,mus:U7_foresees_place_at,ecrm:E53_Place
efrbroo:F14_Individual_Work,mus:U47_has_derivation_type,skos:Concept
efrbroo:F15_Complex_Work,mus:U47_has_derivation_type,skos:Concept
mus:M44_Performed_Work,mus:U47_has_derivation_type,skos:Concept
efrbroo:F14_Individual_Work,mus:U47_has_derivation_type,Literal_0260
efrbroo:F31_Performance,mus:U5i_was_premiere_of,efrbroo:F22_Self-Contained_Expression
mus:M29_Editing,mus:U29_edited,efrbroo:F26_Recording
mus:M23_Casting_Detail,mus:U36_foresees_responsibility_of_type,Literal_0261
skos:Concept,skos:related,skos:Concept
mus:M40_Context,skos:related,ecrm:E53_Place
efrbroo:F24_Publication_Expression,mus:CRL6i_should_be_carried_by,efrbroo:F3_Manifestation_Product_Type
efrbroo:F3_Manifestation_Product_Type,efrbroo:R4i_comprises_carriers_of,efrbroo:F22_Self-Contained_Expression
efrbroo:F3_Manifestation_Product_Type,mus:CRL6_should_carry,efrbroo:F24_Publication_Expression
efrbroo:F22_Self-Contained_Expression,efrbroo:R4_carriers_provided_by,efrbroo:F3_Manifestation_Product_Type
efrbroo:F19_Publication_Expression,efrbroo:is_realised_in,efrbroo:F24_Publication_Expression
efrbroo:F24_Publication_Expression,efrbroo:R24i_was_created_through,efrbroo:F30_Publication_Event
efrbroo:F22_Self-Contained_Expression,ecrm:U11_has_key,skos:Concept
mus:M39_Derivation_Type_Assignment,ecrm:P42_assigned,skos:Concept
skos:Concept,skos:topConceptOf,skos:ConceptScheme
mus:M23_Casting_Detail,mus:U88_has_member_casting_detail,mus:M23_Casting_Detail
skos:Concept,skos:inScheme,skos:ConceptScheme
mus:M26_Foreseen_Performance,mus:U8_foresees_time_span,ecrm:E52_Time-Span
ecrm:E53_Place,ecrm:P87_is_identified_by,Literal_0265
mus:M26_Foreseen_Performance,mus:U77_foresees_performing_plan,efrbroo:F25_Performance_Plan
mus:M28_Individual_Performance,mus:U81_had_performer_status,skos:Concept
efrbroo:F28_Expression_Creation,ecrm:P17_was_motivated_by,ecrm:E1_CRM_Entity
efrbroo:F32_Carrier_Production_Event,efrbroo:R26_produced_things_of_type,efrbroo:F3_Manifestation_Product_Type
efrbroo:F29_Recording_Event,ecrm:P32_used_general_technique,Literal_0275
skos:Concept,skos:scopeNote,Literal_0276
efrbroo:F4_Manifestation_Singleton,mus:U207_has_carrier_type,mus:M169_Carrier_Type
efrbroo:F3_Manifestation_Product_Type,mus:U215_has_groove_caracteristics,Literal_0286
skos:Collection,skos:member,skos:Concept
mus:M15_Dedication_Statement,ecrm:P67_refers_to,ecrm:E21_Person
mus:M15_Dedication_Statement,ecrm:P67_refers_to,efrbroo:F11_Corporate_Body
efrbroo:F15_Complex_Work,ecrm:P129_is_about,ecrm:E1_CRM_Entity
efrbroo:F15_Complex_Work,ecrm:P129_is_about,Literal_0289
skos:Concept,skos:note,Literal_0290
mus:M27_Foreseen_Individual_Performance,mus:U35_foresees_function,skos:Concept
efrbroo:F15_Complex_Work,mus:U21_is_about_actor,ecrm:E21_Person
efrbroo:F15_Complex_Work,mus:U21_is_about_actor,ecrm:E39_Actor
efrbroo:F15_Complex_Work,mus:U21_is_about_actor,efrbroo:F11_Corporate_Body
efrbroo:F24_Publication_Expression,mus:U176_has_edition_statement,mus:M159_Edition_Statement
efrbroo:F11_Corporate_Body,ecrm:P95i_was_formed_by,ecrm:E66_Formation
efrbroo:F24_Publication_Expression,mus:U224_has_title_proper_of_multipart_monograph,Literal_0294
mus:M42_Performed_Expression_Creation,ecrm:P16_used_specific_object,efrbroo:F4_Manifestation_Singleton
mus:M28_Individual_Performance,ecrm:P16_used_specific_object,ecrm:E22_Man-Made_Object
efrbroo:F25_Performance_Plan,mus:U90_foresees_creation_or_performance_mode,mus:M50_Creation_or_Performance_Mode
skos:Concept,skos:definition,Literal_0295
efrbroo:F15_Complex_Work,mus:U22_is_about_place,ecrm:E53_Place
mus:M42_Performed_Expression_Creation,mus:U193_used_historical_instruments,Literal_0305
efrbroo:F31_Performance,mus:U193_used_historical_instruments,Literal_0306
efrbroo:F22_Self-Contained_Expression,mus:U63_has_religious_context,mus:M40_Context
efrbroo:F24_Publication_Expression,mus:U200_has_supplementary_content,Literal_0308
efrbroo:F24_Publication_Expression,mus:U204_has_reproduction_note,Literal_0310
mus:M2_Opus_Statement,mus:U69_has_WoO_number,Literal_0311
mus:M2_Opus_Statement,mus:U43_has_opus_subnumber,Literal_0313
efrbroo:F4_Manifestation_Singleton,ecrm:P49_has_former_or_current_keeper,efrbroo:F11_Corporate_Body
mus:M167_Publication_Expression_Fragment,mus:U195_has_order_or_location_indication,Literal_0316
skos:Concept,skos:notation,Literal_0322
modsrdf:NoteGroup,modsrdf:noteGroupType,Literal_0327
efrbroo:F24_Publication_Expression,mus:U203_has_summary_or_abstract,Literal_0332
mus:M2_Opus_Statement,mus:U76_has_WoO_subnumber,Literal_0333
efrbroo:F24_Publication_Expression,mus:U173_has_parallel_statement_of_responsibility_relating_to_title,mus:M157_Statement_of_Responsibility
mus:M46_Set_of_Tracks,mus:U173_has_parallel_statement_of_responsibility_relating_to_title,mus:M157_Statement_of_Responsibility
efrbroo:F24_Publication_Expression,mus:U24_has_award,mus:M36_Award
modsrdf:ModsResource,modsrdf:placeOfOrigin,ecrm:E53_Place
modsrdf:ModsResource,modsrdf:noteGroup,modsrdf:NoteGroup
modsrdf:ModsResource,modsrdf:noteGroup,Literal_0344
modsrdf:NoteGroup,modsrdf:noteGroupValue,Literal_0345
modsrdf:ModsResource,modsrdf:languageOfResource,Literal_0346
modsrdf:ModsResource,modsrdf:titlePrincipal,Literal_0347
modsrdf:ModsResource,modsrdf:subjectName,Literal_0348
modsrdf:ModsResource,modsrdf:publisher,Literal_0349
modsrdf:ModsResource,modsrdf:dateOfCopyright,Literal_0350
modsrdf:ModsResource,modsrdf:namePrincipal,Literal_0351
modsrdf:ModsResource,modsrdf:identifier,Literal_0353
efrbroo:F26_Recording,mus:U15_has_history,Literal_0355
skos:Concept,mus:U85_has_closely_related_key,skos:Concept
modsrdf:ModsResource,modsrdf:genre,Literal_0356
efrbroo:F3_Manifestation_Product_Type,mus:U194_has_system_requirements,Literal_0358
mus:M28_Individual_Performance,mus:U32_had_responsibility,skos:Concept
efrbroo:F11_Corporate_Body,ecrm:P99i_was_dissolved_by,ecrm:E68_Dissolution
mus:M23_Casting_Detail,mus:U48_foresees_quantity_of_actors,Literal_0359
mus:M23_Casting_Detail,mus:U35_foresees_function_of_type,Literal_0360
